{"epoch_recon_loss": [0.0, 6.651733166641659, 0.0, 0.5743857795993487, 0.0, 0.3782858649889628, 0.0, 0.3911021310422156, 0.0, 0.33897337317466736, 0.0, 0.32284288770622677, 0.0, 0.3061915714707639, 0.0, 0.2962525259289477, 0.0, 0.2646971183518569, 0.0, 0.31068489824732143, 0.0, 0.25631512701511383, 0.0, 0.23627931624650955, 0.0, 0.26276155975129867, 0.0, 0.23210426585541832, 0.0, 0.24232776421639654, 0.0, 0.22471746885114247, 0.0, 0.2352007913092772, 0.0, 0.23251400805181927, 0.0, 0.2453492263125049, 0.0, 0.20979201338357395, 0.0, 0.21334744658735064, 0.0, 0.21286598510212368, 0.0, 0.20958408671948645, 0.0, 0.2014709644847446, 0.0, 0.20851982053783205, 0.0, 0.20697672623727056, 0.0, 0.20235253415173954, 0.0, 0.18978283512923452, 0.0, 0.1977552692923281, 0.0, 0.20130161237385538, 0.0, 0.19116324765814674, 0.0, 0.1920933590994941, 0.0, 0.20474739289946026, 0.0, 0.19603880825969908, 0.0, 0.1972510665655136, 0.0, 0.19539248322447142, 0.0, 0.1788579842282666, 0.0, 0.18754017187489402, 0.0, 0.19272546635733712, 0.0, 0.18303324571914142, 0.0, 0.1899802970389525, 0.0, 0.17404972347948286, 0.0, 0.1844884509013759, 0.0, 0.18798424303531647, 0.0, 0.18105492823653752, 0.0, 0.18881884217262268, 0.0, 0.1876367297437456, 0.0, 0.17465943511989382, 0.0, 0.17704176157712936, 0.0, 0.17695876128143734], "epoch_latent_loss": [0.0, 41.14115380542353, 0.0, 0.02134523479940577, 0.0, 0.16465208224124378, 0.0, 0.4196942245535966, 0.0, 0.22708579142474467, 0.0, 0.22817871916211313, 0.0, 0.1779522436360518, 0.0, 0.1761005028254456, 0.0, 0.15016991872754362, 0.0, 0.15257311602019602, 0.0, 0.13491185257832208, 0.0, 0.10719764418900013, 0.0, 0.10012648813426495, 0.0, 0.0883413576003578, 0.0, 0.09748705031557216, 0.0, 0.092169263607098, 0.0, 0.07028109466450082, 0.0, 0.07267843021286859, 0.0, 0.06824640608910057, 0.0, 0.0645489011787706, 0.0, 0.06332864757213327, 0.0, 0.06307068560272455, 0.0, 0.061454063177936606, 0.0, 0.06329197467615207, 0.0, 0.061893333991368614, 0.0, 0.05904867437978586, 0.0, 0.05014512656877438, 0.0, 0.041729403401000634, 0.0, 0.04994436384489139, 0.0, 0.038881485195209585, 0.0, 0.04036010946664545, 0.0, 0.046496845678322844, 0.0, 0.04353341662014524, 0.0, 0.03540207916456792, 0.0, 0.037970497065948114, 0.0, 0.039523303819199405, 0.0, 0.03739318220565716, 0.0, 0.034142665927194886, 0.0, 0.04388302590491043, 0.0, 0.03280759137123823, 0.0, 0.03336758896087607, 0.0, 0.03502166783437133, 0.0, 0.03380453928063313, 0.0, 0.029750847309413884, 0.0, 0.031640463767366275, 0.0, 0.0308772430030836, 0.0, 0.03461287708746062, 0.0, 0.029872680445098214, 0.0, 0.036413238694270454, 0.0, 0.02969635148636169], "epoch_cls_loss": [1.4984209322267108, 1.583231872982449, 1.6053389079040952, 1.580420841773351, 1.4692356785138447, 1.4503167106045618, 1.3860874474048615, 1.4416735801431868, 1.3301363156901465, 1.3374654915597703, 1.269321322441101, 1.2941441900200314, 1.2402487066056993, 1.2431908167070813, 1.2149864203400083, 1.2006793055269454, 1.153325531217787, 1.167836778693729, 1.0990020152595308, 1.0725698603524103, 1.0335171239243612, 1.036832923690478, 1.0448493444257312, 1.0347457163863711, 1.0330859786934323, 1.0117462774117787, 1.0291470454798803, 1.0169803864426084, 1.0108100771903992, 1.043484929535124, 0.976166115866767, 1.0033613757954702, 0.9850829376114739, 0.9886355532540215, 1.0192753507031336, 0.9734419220023685, 0.9737820790873634, 0.9766464846001731, 0.9676816347572539, 0.9680185168981552, 0.9710129731231265, 0.9771952645646201, 0.989640494187673, 0.966457693113221, 0.9663243906365501, 0.9675021453036202, 0.9713980323738522, 0.9719733910428153, 0.9616141137149599, 0.9616948117812475, 0.961363896727562, 0.9751867254575094, 0.9572743558221393, 0.9567033151785532, 0.9436312019824982, 0.951737481686804, 0.9520850148465898, 0.9547702239619361, 0.953061979677942, 0.9506060067150328, 0.9669404940472709, 0.9454298747910393, 0.9615739236275355, 0.9591803285810683, 0.9649001326825883, 0.9372364977995554, 0.9565166632334391, 0.939901183048884, 0.9352533966302872, 0.9452252785364786, 0.9428637872139612, 0.9513936191797256, 0.9443224751287036, 0.9498241063621309, 0.9349252680937449, 0.9501350373029709, 0.9309876379039552, 0.9430857830577426, 0.947774640387959, 0.9469381719827652, 0.950198029478391, 0.9516827960809072, 0.9435114959875742, 0.9384136448303858, 0.9419688549306657, 0.9445185197724236, 0.9383436623546813, 0.9329244809018241, 0.9386959109041426, 0.9299137675099902, 0.9491087711519666, 0.9527541597684225, 0.9350996149910821, 0.9293342961205376, 0.9395587046941122, 0.9338884270853467, 0.9456449730528725, 0.9252618634038501, 0.9263530274232229, 0.9313434561093649], "epoch_feature_loss": [0.010950530726404395, 0.0015841764246336727, 0.0014918547023828272, 0.0015563662606534006, 0.003448603268528435, 0.0013432095515276564, 0.0016471894373858555, 0.0014090787016256298, 0.0017120692500611767, 0.0008982536633589512, 0.0010470129248763744, 0.0016263386787613854, 0.0009535797685708127, 0.0011208499838378178, 0.000849664846706825, 0.0008070866950017969, 0.000942373366948838, 0.0008745630709907144, 0.001453296511802667, 0.0007559484842608476, 0.0007593063714416025, 0.0006192621690893753, 0.0007653409920749255, 0.0007155320021815391, 0.0007887924843493642, 0.0007710265526839066, 0.0010255892072261001, 0.000976646490825159, 0.0006848759993671491, 0.0007648718407532821, 0.0006338711059975645, 0.0011318050027411017, 0.0009834337805740587, 0.001197277189930901, 0.00110191691217349, 0.0007382472390923391, 0.0007173081256850208, 0.0006879943462586703, 0.0007386065594295764, 0.0006152064686628162, 0.0010992825167098392, 0.0007369404439588026, 0.0008829136628871007, 0.0007047880313216916, 0.0006306502428843589, 0.0007079693520305833, 0.0006169809110158692, 0.0007278920566022862, 0.0006049269383462766, 0.0007817628425578328, 0.0007010379635580143, 0.0007461616999838346, 0.0008390061929175216, 0.0007617709129085091, 0.0006383702683605305, 0.0008410742638160526, 0.0006688595909104657, 0.0005873111594054434, 0.0007166760309094874, 0.000710007421326332, 0.000627012675977312, 0.0008114119158967191, 0.0008816257052078274, 0.000564518355531618, 0.000815793818926775, 0.0007758720785204787, 0.0008478541961570348, 0.0007278536441946118, 0.0006377181351935077, 0.0007614747600099589, 0.0007619352763867937, 0.0006514613907913574, 0.0005868733654400179, 0.0007172259279791939, 0.0008185027682985594, 0.000516584330196363, 0.0006476088355056061, 0.000643398584038045, 0.0008459224987341764, 0.0009418919572554943, 0.0005217092871640085, 0.0006873235781515379, 0.0007624739793957107, 0.0007753957219796979, 0.0007611056134919636, 0.0008858020963897514, 0.0006301557914412115, 0.0009523599918692424, 0.000719264733763541, 0.0007180476912051543, 0.0008009276405371363, 0.0009020835685886494, 0.000690641910801383, 0.0008879346852255468, 0.0008483371311740484, 0.0005703575491982823, 0.000675950205024694, 0.0007519220824987213, 0.0006812366488399372, 0.0008959478743943489],