{"epoch_recon_loss": [0.0, 1.0025687366724014, 0.0, 0.42877671867609024, 0.0, 0.4226890876889229, 0.0, 0.3036566339433193, 0.0, 0.22351310029625893, 0.0, 0.2500661350786686, 0.0, 0.23744899034500122, 0.0, 0.27317680418491364, 0.0, 0.25272994115948677, 0.0, 0.2590421549975872, 0.0, 0.21353494375944138, 0.0, 0.21662992238998413, 0.0, 0.20175350084900856, 0.0, 0.2109229974448681, 0.0, 0.21648519858717918, 0.0, 0.20915718749165535, 0.0, 0.18692442402243614, 0.0, 0.23363939300179482, 0.0, 0.22150388360023499, 0.0, 0.20707594975829124, 0.0, 0.20812997221946716, 0.0, 0.2292415350675583, 0.0, 0.2960142605006695, 0.0, 0.2177068404853344, 0.0, 0.20600203797221184, 0.0, 0.19544559344649315, 0.0, 0.2280784659087658, 0.0, 0.223005011677742, 0.0, 0.1980145275592804, 0.0, 0.23199066147208214, 0.0, 0.21869473904371262, 0.0, 0.22251228615641594, 0.0, 0.23620446398854256, 0.0, 0.21105119213461876, 0.0, 0.2438943050801754, 0.0, 0.25910303369164467, 0.0, 0.2228945530951023, 0.0, 0.25223250687122345, 0.0, 0.23826682195067406, 0.0, 0.20136002078652382, 0.0, 0.21356458216905594, 0.0, 0.22615741193294525, 0.0, 0.22462298721075058, 0.0, 0.23014701157808304, 0.0, 0.22356199100613594, 0.0, 0.2544393539428711, 0.0, 0.2253500446677208, 0.0, 0.2130603827536106, 0.0, 0.20812219008803368, 0.0, 0.1992485299706459], "epoch_latent_loss": [0.0, 0.5320616625249386, 0.0, 0.0139772011898458, 0.0, 0.011502901092171669, 0.0, 0.03144812863320112, 0.0, 0.05652504414319992, 0.0, 0.12184320576488972, 0.0, 0.10077265277504921, 0.0, 0.16986611485481262, 0.0, 0.1273528579622507, 0.0, 0.31944695115089417, 0.0, 0.11272655613720417, 0.0, 0.2611300963908434, 0.0, 0.08786493726074696, 0.0, 0.40435415506362915, 0.0, 0.1027589850127697, 0.0, 0.27605244144797325, 0.0, 0.09298384562134743, 0.0, 0.3728242591023445, 0.0, 0.07957593537867069, 0.0, 0.27902283146977425, 0.0, 0.09915046580135822, 0.0, 0.44318192824721336, 0.0, 0.06068043224513531, 0.0, 0.24698802083730698, 0.0, 0.12104367278516293, 0.0, 0.1333772838115692, 0.0, 0.2878694385290146, 0.0, 0.15122026950120926, 0.0, 0.23682412132620811, 0.0, 0.08925489895045757, 0.0, 0.25721997767686844, 0.0, 0.0777251273393631, 0.0, 0.24521303921937943, 0.0, 0.10475871339440346, 0.0, 0.1246375422924757, 0.0, 0.10892016440629959, 0.0, 0.2758716009557247, 0.0, 0.07323994301259518, 0.0, 0.16861647740006447, 0.0, 0.14299495704472065, 0.0, 0.12400700710713863, 0.0, 0.10161333903670311, 0.0, 0.13545436412096024, 0.0, 0.09256153367459774, 0.0, 0.09381653927266598, 0.0, 0.1269042231142521, 0.0, 0.12057540751993656, 0.0, 0.06945665553212166, 0.0, 0.10977485962212086, 0.0, 0.07299356162548065], "epoch_cls_loss": [1.5968521535396576, 1.583590179681778, 1.5827971994876862, 1.5902099907398224, 1.5954155921936035, 1.5974864661693573, 1.595999538898468, 1.5916289389133453, 1.5639478266239166, 1.5445877611637115, 1.5285196602344513, 1.5144396722316742, 1.459557294845581, 1.4630016088485718, 1.4655170440673828, 1.412799447774887, 1.4222610294818878, 1.4158543944358826, 1.3696710765361786, 1.3715206980705261, 1.3114282488822937, 1.2755472958087921, 1.3092292249202728, 1.264747828245163, 1.311056137084961, 1.2312209904193878, 1.2087534368038177, 1.2622564435005188, 1.2237223088741302, 1.185541182756424, 1.316666066646576, 1.1568497121334076, 1.2251419126987457, 1.1589450538158417, 1.1567497849464417, 1.185265451669693, 1.149399608373642, 1.175348699092865, 1.2132027745246887, 1.1651658117771149, 1.1112096309661865, 1.1725206673145294, 1.1175188422203064, 1.1254262030124664, 1.139730304479599, 1.1648302376270294, 1.0421824008226395, 1.0611829459667206, 1.1095429062843323, 1.0873971283435822, 1.1214668452739716, 1.0267544388771057, 1.0921966135501862, 1.0677943527698517, 1.1113791465759277, 1.0550019890069962, 1.021223932504654, 1.0523736476898193, 1.0655509531497955, 1.0506767928600311, 1.0247876048088074, 1.0035324841737747, 1.035146325826645, 1.0285037904977798, 0.9706196039915085, 0.9970294088125229, 1.0251614600419998, 1.0090469419956207, 1.0145656317472458, 0.997156485915184, 1.0395172387361526, 1.0159097611904144, 0.9683048576116562, 0.9638655632734299, 1.0012358129024506, 0.9731942713260651, 1.024560809135437, 0.9464120119810104, 0.9785874783992767, 0.9461419135332108, 0.9427534937858582, 0.9516778588294983, 0.9529203772544861, 0.9576221406459808, 0.9403675496578217, 0.9309773445129395, 0.9499538838863373, 0.99263995885849, 0.99910569190979, 0.9488623589277267, 0.94789257645607, 0.9520040899515152, 0.9403625279664993, 0.9412862360477448, 0.932459145784378, 0.9736545383930206, 0.955550953745842, 0.9459948539733887, 0.9570377469062805, 0.9249953478574753], "epoch_train_acc": [0.3048780487804878, 0.36585365853658536, 0.4146341463414634, 0.5121951219512195, 0.43902439024390244, 0.23170731707317074, 0.15853658536585366, 0.1951219512195122, 0.36585365853658536, 0.45121951219512196, 0.3902439024390244, 0.3780487804878049, 0.5121951219512195, 0.4878048780487805, 0.4024390243902439, 0.573170731707317, 0.5365853658536586, 0.5365853658536586, 0.6097560975609756, 0.6219512195121951, 0.7439024390243902, 0.7439024390243902, 0.6341463414634146, 0.6341463414634146, 0.7195121951219512, 0.7682926829268293, 0.7317073170731707, 0.6707317073170732, 0.7560975609756098, 0.8170731707317073, 0.6219512195121951, 0.7682926829268293, 0.7560975609756098, 0.8292682926829268, 0.7804878048780488, 0.7804878048780488, 0.7926829268292683, 0.7804878048780488, 0.7073170731707317, 0.7682926829268293, 0.8292682926829268, 0.7926829268292683, 0.8780487804878049, 0.8658536585365854, 0.8414634146341463, 0.8292682926829268, 0.9146341463414634, 0.8658536585365854, 0.8170731707317073, 0.8536585365853658, 0.8658536585365854, 0.9146341463414634, 0.8414634146341463, 0.9390243902439024, 0.8536585365853658, 0.926829268292683, 0.9146341463414634, 0.9024390243902439, 0.8780487804878049, 0.9024390243902439, 0.8902439024390244, 0.9146341463414634, 0.926829268292683, 0.9390243902439024, 0.9512195121951219, 0.9390243902439024, 0.9024390243902439, 0.9390243902439024, 0.9146341463414634, 0.9512195121951219, 0.8780487804878049, 0.9146341463414634, 0.975609756097561, 0.9512195121951219, 0.9634146341463414, 0.9878048780487805, 0.9146341463414634, 0.975609756097561, 0.9634146341463414, 0.9878048780487805, 0.9878048780487805, 0.9634146341463414, 0.975609756097561, 0.9878048780487805, 0.975609756097561, 0.9878048780487805, 0.975609756097561, 0.926829268292683, 0.9634146341463414, 0.975609756097561, 0.975609756097561, 0.9878048780487805, 0.9878048780487805, 0.975609756097561, 0.975609756097561, 0.9512195121951219, 0.9878048780487805, 0.9878048780487805, 0.9878048780487805, 0.9878048780487805],