{"epoch_recon_loss": [0.0, 24.594316614495423, 0.0, 5.870431082788855, 0.0, 4.954415918158537, 0.0, 2.1044802772389217, 0.0, 0.39295759521932766, 0.0, 0.3301008697175844, 0.0, 0.2772510919973932, 0.0, 0.25097466010430997, 0.0, 0.2490667133084075, 0.0, 0.23954515142196958, 0.0, 0.22526618880643087, 0.0, 0.22314902153712782, 0.0, 0.2159315750256858, 0.0, 0.21819933499632913, 0.0, 0.20708432941782204, 0.0, 0.21011385833844543, 0.0, 0.20983744615858252, 0.0, 0.19347414581782438, 0.0, 0.19487019497054545, 0.0, 0.1954612034711648, 0.0, 0.1889631551351737, 0.0, 0.18814256799999962, 0.0, 0.18591622496023774, 0.0, 0.18973488021980633, 0.0, 0.1817267915995961, 0.0, 0.1846028228544376, 0.0, 0.18658981637351893, 0.0, 0.17723670157349922, 0.0, 0.1866071828725663, 0.0, 0.17944869382137602, 0.0, 0.1740403613922271, 0.0, 0.18075951603664595, 0.0, 0.17382990234446796, 0.0, 0.1748186927712099, 0.0, 0.16968526293269612, 0.0, 0.17217480939474294, 0.0, 0.170688604851338, 0.0, 0.1687503845896572, 0.0, 0.1704495573755015, 0.0, 0.16830524903806773, 0.0, 0.16766523830169303, 0.0, 0.16316078785298901, 0.0, 0.1706395275382833, 0.0, 0.1696338434703648, 0.0, 0.19511487313800238, 0.0, 0.1626445964952423, 0.0, 0.18668400837023827, 0.0, 0.16245284784500572, 0.0, 0.1762856394687498, 0.0, 0.5307248299518093], "epoch_latent_loss": [0.0, 22.66428922840648, 0.0, 86.21441683029248, 0.0, 44.44487798146226, 0.0, 46.79062969508496, 0.0, 3.6059448795223776, 0.0, 3.918572614054111, 0.0, 0.9767237362367186, 0.0, 0.7991073704324663, 0.0, 0.9008969016034495, 0.0, 0.6750573888844387, 0.0, 0.39436754827726295, 0.0, 0.3590572344943542, 0.0, 0.24232628306543286, 0.0, 0.8973920857745477, 0.0, 0.17993400022599168, 0.0, 0.513230444334278, 0.0, 1.0285713682374493, 0.0, 0.09314070511820981, 0.0, 0.12409479066263884, 0.0, 0.11698906758630817, 0.0, 0.10683881490364332, 0.0, 0.1073664487233724, 0.0, 0.12390105296137997, 0.0, 0.4828209329015491, 0.0, 0.08778071626809171, 0.0, 0.18195906443394383, 0.0, 0.45613958421480755, 0.0, 0.07610106393059884, 0.0, 0.5522716982681728, 0.0, 0.18657180259469897, 0.0, 0.06620656554481354, 0.0, 0.31111004162283445, 0.0, 0.06562084513610568, 0.0, 0.1046818584754047, 0.0, 0.06877150135749782, 0.0, 0.10626381691227751, 0.0, 0.10593667606272819, 0.0, 0.09433514073977924, 0.0, 0.1166408671468327, 0.0, 0.08478082061364231, 0.0, 0.06717402636158196, 0.0, 0.07855708812448112, 0.0, 0.18034138069064778, 0.0, 0.0640861900121143, 0.0, 0.08875918642892926, 0.0, 0.11042708147909831, 0.0, 0.0862568410970694, 0.0, 0.0788737425093793, 0.0, 0.15081001888558437, 0.0, 0.2605072355098938], "epoch_cls_loss": [1.5504757247187875, 1.4639400453730063, 1.3893990052694625, 1.4230627553029493, 1.2910957136614756, 1.304223084314303, 1.1664314603602344, 1.2663116482171146, 1.08801224776967, 1.1600677073001862, 1.0513619860126213, 1.1159624691036614, 1.035297491672364, 1.0557991559193893, 1.0186516039750793, 1.0391549053178593, 1.0081820912997832, 1.0309392417019063, 0.9957024756480347, 1.0159190891479903, 0.9912858982993797, 1.0068692231381482, 0.9867638911713253, 0.9974839912558143, 0.9842176278206435, 0.9898820138451728, 0.9811840340156447, 0.9923952794210478, 0.9759632586078211, 0.9856163474985145, 0.9754429026083513, 0.9828564700755206, 0.9715065566653555, 0.9845365793867544, 0.9674849256195805, 0.9693779034370725, 0.9690616327253255, 0.9654905074699358, 0.9674904400652106, 0.9644580473276702, 0.9612693830647252, 0.9624369032680988, 0.9572514151646332, 0.9603792064907876, 0.9570285801521756, 0.9585706662725318, 0.9569447065957568, 0.9625842132690278, 0.955756398087198, 0.9538349954580719, 0.9563871605152433, 0.9528507222844795, 0.9524148861792955, 0.9554214044050737, 0.95110585286536, 0.9495745993811976, 0.947037656029517, 0.9565118688412688, 0.9474176254800775, 0.9531880281865597, 0.9485613011162389, 0.9480734003538435, 0.9491118990223516, 0.9512368438934738, 0.9475325574590401, 0.9480688621036031, 0.9447553046047688, 0.9475180584598671, 0.9402345517142252, 0.9436642905189232, 0.9440407798710194, 0.9434196249666539, 0.9401822179894556, 0.9453858756883577, 0.9468187344345179, 0.9421289680017666, 0.941581168635325, 0.9452339661392298, 0.9411067253148014, 0.942312085323713, 0.9388270205394789, 0.9390354043042118, 0.940021147612821, 0.9414391248402271, 0.9396771600639279, 0.9409987254237587, 0.9435516389256174, 0.9388608917255293, 0.9388119698586789, 0.9414474478160794, 0.93426319651983, 0.9389045795595105, 0.9380822803147815, 0.9410216136073525, 0.9385667377236214, 0.9379183973439715, 0.9404699678786776, 0.9395253763280131, 0.9376638494431973, 0.9452419936318289], "epoch_feature_loss": [0.016235208145438017, 0.010787913033378903, 0.020246267405375627, 0.01574693556507224, 0.014388047993468883, 0.044279019289454234, 0.008163138853309316, 0.02923540886199176, 0.003495643107684869, 0.024131699768159622, 0.0048170313912123675, 0.02064828134676976, 0.0030053083186100016, 0.016128804274392842, 0.0033305485277113885, 0.012843088232908816, 0.0029962129190773176, 0.011667746471754403, 0.0027791535656598917, 0.010090832867717836, 0.0026050614949119995, 0.010473211713939567, 0.0032907412995965305, 0.008349535404043061, 0.0030749319292391938, 0.00860492796561051, 0.002610849105373993, 0.007608825570555796, 0.0032155743739084837, 0.007203677488426117, 0.0026913834576176173, 0.006948645159850871, 0.0023361029995860668, 0.007376046234887987, 0.002937005262290106, 0.006211522387523225, 0.002817007479445072, 0.005914194316078051, 0.0032671903885453835, 0.005840057070351825, 0.002793984640778614, 0.005501716872128203, 0.0027881364921995555, 0.005446411792614857, 0.00280932565221354, 0.0052027361456235995, 0.003082023373363799, 0.004638831741679248, 0.0023555466402947127, 0.0044582812877871966, 0.002368708248468465, 0.004840066677719402, 0.0023062362552908862, 0.004375075412595338, 0.0026034972470783528, 0.004427626225895603, 0.001958079489461604, 0.004847103029781217, 0.002146379197463168, 0.004982378056824514, 0.002610291346916876, 0.004489010561387245, 0.0025581636671797078, 0.003954484672662643, 0.002295634018372022, 0.004238101246383766, 0.0018343989895583945, 0.004270121841397089, 0.0019463048212690576, 0.004106712547581992, 0.002418004589964601, 0.004116166207908959, 0.001887344002418765, 0.003913129785277389, 0.00206256011035128, 0.003940849727273003, 0.00191711498750506, 0.003732569297839787, 0.002041137191223573, 0.0038010982914949473, 0.0022309198680390678, 0.00381414066321833, 0.0018206093432540497, 0.004437714649115646, 0.002045586420039895, 0.0037958459900189405, 0.002352622482083627, 0.003881433914019991, 0.0024810416935824005, 0.0042716628273741335, 0.0020075470984424596, 0.0043210439535786545, 0.0027755118900875623, 0.004361134378748168, 0.002419300844725182, 0.004356356987789861, 0.001909722214515403, 0.005573273766706486, 0.003168167801504751, 0.005255593938066092],