{"epoch_recon_loss_vae0": [0.5030937543227559, 0.1297488184202285, 0.10864202500808806, 0.0977127031201408, 0.09057637197630745, 0.09355814669813428, 0.07653715787898926, 0.06499555880824724, 0.06021097884291694, 0.05889999270439148, 0.060208045904125485, 0.05902971540178571, 0.055015049271640325, 0.05171809359675362, 0.0482042640092827, 0.045161080537807374, 0.042475580140238715, 0.04230669254348392, 0.04098408161884262, 0.03944188152395543, 0.03819520111594881, 0.03879517022342909, 0.038669336285619506, 0.03802517240955716, 0.03807475891496454, 0.0372841657272407, 0.03739427730795883, 0.037523606703394934, 0.037662042819318314, 0.03639592977151984, 0.036912314629270915, 0.03648601236442725, 0.03621548575659593, 0.036622320913842744, 0.03574089792867501, 0.035136726179293226, 0.03553941193081084, 0.03593860813194797, 0.035198815166950226, 0.03510656876578217, 0.03457721069100357, 0.03532632060703777, 0.03507090963068463, 0.03432415404490062, 0.03477441409514064, 0.034467109204048205, 0.03439776634886151, 0.03431545520822207, 0.03341809959993476, 0.0349406600885448], "epoch_latent_loss_vae0": [0.1944198796680818, 0.04554342173394703, 0.0511622928082943, 0.04850687338482766, 0.056508119297879085, 0.07770976360355104, 0.04270495165671621, 0.014179810761873211, 0.0068536379330215, 0.005190739332742634, 0.004588361235246772, 0.0037508850451558827, 0.0033507485452684616, 0.003189994685263151, 0.0032250332246933663, 0.0032052195564444574, 0.0031005223747342823, 0.0030382548902361164, 0.00315809678286314, 0.003072874948737167, 0.0028867755816983326, 0.002737379821372174, 0.0026304899626189756, 0.0024908646453349363, 0.0024264975340061246, 0.0023754635737055826, 0.002340913956452693, 0.0023228073270902747, 0.002311587052064992, 0.002268200811176073, 0.0022761066754659015, 0.0022560645781812215, 0.0022455156736430667, 0.0022446929321934777, 0.0022053363134286233, 0.0021891450309859855, 0.0021911740003685864, 0.002169789126630695, 0.002153935307814252, 0.0021335982041256057, 0.0021133194755141933, 0.002138318010561523, 0.002104545830349837, 0.0020882779166900684, 0.002080566617881968, 0.0020657355664297937, 0.00205211480746844, 0.0020626522700435347, 0.002030202211989533, 0.002040047423603634], "epoch_recon_loss_vae1": [0.0, 0.0, 0.0, 0.0, 0.0, 0.6255480709530058, 0.32799824192410426, 0.30039650457245964, 0.2887391956079574, 0.28081894843351274, 0.2949812965733664, 0.27599430850573947, 0.23818849864460173, 0.23151964332376207, 0.23307952313196093, 0.23082631599335443, 0.22543706170150213, 0.2246818068481627, 0.21424366462798344, 0.19722517118567512, 0.17986129579089938, 0.1714263012011846, 0.1684514072679338, 0.16388141640595028, 0.16339568978264218, 0.16099138174738203, 0.15922067789804367, 0.15815735189687638, 0.15875858990919023, 0.1567780078876586, 0.158736414426849, 0.15531503657499948, 0.1544216840040116, 0.1546570034254165, 0.15272059071631658, 0.15166003959519522, 0.15126747077419644, 0.15129359974747614, 0.1513680848337355, 0.14995098475899016, 0.14858345062959763, 0.14950659856909798, 0.14831239673353377, 0.14750873567092987, 0.1489330985006832, 0.14766853607836225, 0.14747840357678277, 0.14801209107750937, 0.1452411323785782, 0.14704338979153406], "epoch_latent_loss_vae1": [0.0, 0.0, 0.0, 0.0, 0.0, 0.194978029500427, 0.18919876700355892, 0.19009201115085966, 0.18627042458170937, 0.1873544881741206, 0.2087964917932238, 0.1385837212204933, 0.017275952235130326, 0.002754093793087772, 0.002627019023167945, 0.0030360475670368897, 0.004068812588229775, 0.007351727304714066, 0.0159199381513255, 0.018779068936904272, 0.01853806238976263, 0.015400069038428011, 0.014028952909367426, 0.011859973005595662, 0.010728627753754457, 0.010097292597804751, 0.00971101520228244, 0.009608185703733138, 0.00942902219526115, 0.009249614188004109, 0.009176887483114288, 0.009038997738666477, 0.008804606340293373, 0.00880997847056105, 0.008521987103103172, 0.00838405525844012, 0.008199466875798646, 0.008005186640435742, 0.008016535533326014, 0.007907467907560722, 0.00777075496014385, 0.007620737324690535, 0.0075386375942755315, 0.007376429083801451, 0.007486735164586987, 0.00728771308259595, 0.00737775457313373, 0.007236627578025772, 0.007146567261467378, 0.007117996231785842], "epoch_recon_loss_vae2": [0.0, 0.0, 0.0, 0.0, 0.0, 0.0, 0.0, 0.0, 0.0, 0.0, 0.9864391043072656, 0.7014621916271392, 0.6235369489306495, 0.6063609497887748, 0.6035505748930432, 0.5955216827846709, 0.5847172930127098, 0.5677005086626326, 0.5437525215603056, 0.5290344862710862, 0.5276864627997081, 0.5161155950455438, 0.5070335629440489, 0.47408815168199087, 0.460103653442292, 0.44902795723506383, 0.43844168753851026, 0.43352327318418593, 0.4354910143784114, 0.4334424492858705, 0.43481007303510394, 0.43052206011045546, 0.42223575654483975, 0.42334235111872354, 0.4225159636565617, 0.42047594842456637, 0.4159033880347297, 0.41460734946387157, 0.420468560003099, 0.41918045793260844, 0.4183866770494552, 0.4148034887654441, 0.4121828811509269, 0.4123427334285918, 0.4164031795092991, 0.41281899894986834, 0.4136261068639301, 0.4147455223969051, 0.41398488992736454, 0.41048124801544916], "epoch_latent_loss_vae2": [0.0, 0.0, 0.0, 0.0, 0.0, 0.0, 0.0, 0.0, 0.0, 0.0, 0.10856153913496416, 0.28720537750493913, 0.1833647451230458, 0.15735912670691807, 0.15807604520093826, 0.16433893307333902, 0.16674800728048597, 0.12528628962380545, 0.07549524750737917, 0.026230010133059253, 0.004041354363739845, 0.003087012447594177, 0.00864173640896167, 0.011775123075182949, 0.010090467874847707, 0.008822351676367577, 0.00860455845970483, 0.008486684558114835, 0.008378800829606396, 0.008574871053653104, 0.00825104202986473, 0.00844833551950398, 0.008240211444596449, 0.008433024194978532, 0.00825278844595665, 0.008249528320240123, 0.008299374708994514, 0.007910619378976878, 0.008093903368959824, 0.007944249556887717, 0.00810673488304019, 0.007859866764573824, 0.007936581193159023, 0.007910980297518628, 0.008065300949272654, 0.007719556437361808, 0.007786602859518358, 0.007668253730627753, 0.007737671441975094, 0.007798244631183999]}