{"epoch_recon_loss": [0.0, 4.653395218981637, 0.0, 0.39999616021911305, 0.0, 0.4927181800206502, 0.0, 0.31662695565157467, 0.0, 0.29490717417664, 0.0, 0.29373950304256546, 0.0, 0.2701345392399364, 0.0, 0.2663617245852947, 0.0, 0.4013780968056785, 0.0, 0.250987467666467, 0.0, 0.33299464152918923, 0.0, 0.2481046128604147, 0.0, 0.22410974444614518, 0.0, 0.2310637922750579, 0.0, 0.23607290867302153, 0.0, 0.2276568975713518, 0.0, 0.22963611326283878, 0.0, 0.26249310332867837, 0.0, 0.21042102947831154, 0.0, 0.20351827599936062, 0.0, 0.21402399490276972, 0.0, 0.2053698520693514, 0.0, 0.20226750150322914, 0.0, 0.20047734222478336, 0.0, 0.2235087032119433, 0.0, 0.1894933788312806, 0.0, 0.19158304317129982, 0.0, 0.19010592955682012, 0.0, 0.20015319478180674, 0.0, 0.190151230742534, 0.0, 0.18645391944381925, 0.0, 0.19230212395389876, 0.0, 0.24102229997515678, 0.0, 0.1898678826789061, 0.0, 0.1860732945303122, 0.0, 0.18946620573600134, 0.0, 0.18409578419393963, 0.0, 0.18328333853019607, 0.0, 0.20155614448918235, 0.0, 0.18870765591661134, 0.0, 0.17627675334612528, 0.0, 0.1830573711130354, 0.0, 0.19749363387624422, 0.0, 0.17544161942270067, 0.0, 0.1813199491136604, 0.0, 0.18790938291284773, 0.0, 0.19356012841065726, 0.0, 0.17639035359025002, 0.0, 0.18013533163401815, 0.0, 0.17813036425246132], "epoch_latent_loss": [0.0, 12.588517906377092, 0.0, 0.04608784931608372, 0.0, 2.4134301540648773, 0.0, 0.138945765612233, 0.0, 0.1242715962127679, 0.0, 0.1718899685268601, 0.0, 0.18049277789476845, 0.0, 0.22593185672950414, 0.0, 0.15969110963245234, 0.0, 0.1380262655309505, 0.0, 0.1573383365240362, 0.0, 0.12041508282224338, 0.0, 0.10310455701417393, 0.0, 0.09411895730429226, 0.0, 0.0996575802564621, 0.0, 0.08184143911219305, 0.0, 0.07009827190389235, 0.0, 0.08213052898645401, 0.0, 0.06978315218455261, 0.0, 0.07829191158008245, 0.0, 0.06537467406855689, 0.0, 0.06117010427018007, 0.0, 0.0544269812396831, 0.0, 0.052448836672637195, 0.0, 0.055128769069496125, 0.0, 0.049498528604292207, 0.0, 0.05142578989681271, 0.0, 0.04977731215250161, 0.0, 0.054245767959704004, 0.0, 0.05177475967340999, 0.0, 0.04020766934586896, 0.0, 0.04298182933901747, 0.0, 0.04652037957890166, 0.0, 0.041048772374375, 0.0, 0.04453420023330384, 0.0, 0.037867342277119555, 0.0, 0.041537008713930845, 0.0, 0.040068085874534316, 0.0, 0.0367098591911296, 0.0, 0.04235040148099264, 0.0, 0.04120659434960948, 0.0, 0.03679014649242163, 0.0, 0.04747428481156627, 0.0, 0.037668795324862, 0.0, 0.030820495604226988, 0.0, 0.04218773285133971, 0.0, 0.03987713256436917, 0.0, 0.030709019551674526, 0.0, 0.03863212031622728, 0.0, 0.03551313312103351], "epoch_cls_loss": [1.4746800197495356, 1.5402173466152616, 1.5398456421163347, 1.4584141241179571, 1.4069279233614604, 1.4021456241607666, 1.3566287656625111, 1.3357022205988567, 1.2735240393214755, 1.2707086768415239, 1.216803299056159, 1.2477358447180853, 1.215436144007577, 1.1941183507442474, 1.1667811357312732, 1.192266434431076, 1.1019496768712997, 1.1116215570105448, 1.0804117619991302, 1.0724862896733813, 1.0571754392650392, 1.0726532373163435, 1.0494056807623968, 1.0390985442532434, 1.0451997833119497, 1.0289033088419173, 1.0195715758535597, 1.0012165092759662, 1.0482231593794293, 1.027003867758645, 1.0316606147421732, 1.010632433825069, 1.0081131176816092, 0.9871642622682784, 1.003664215405782, 0.9842034777005514, 0.9991516023874283, 0.9684594521919886, 0.986832512749566, 0.9799540158775117, 0.9863487647639381, 0.9720649470885595, 0.988656759262085, 0.9666681355900235, 0.9785015334685644, 0.9651605519983504, 0.9669328199492561, 0.95375614033805, 0.9748757150438097, 0.9700979673200183, 0.9651212841272354, 0.9470276865694258, 0.9673935489522086, 0.9606341156694624, 0.9442524264256159, 0.9480500767628351, 0.9637944300969442, 0.9756172266271379, 0.9598919086986117, 0.94460628926754, 0.9613130986690521, 0.9726174788342582, 0.9826277742783228, 0.9550715138514837, 0.9486571351687113, 0.9649289598067602, 0.9566307846042845, 0.9541217585404714, 0.944238167670038, 0.9530735810597738, 0.9638717389769025, 0.9702697445948919, 0.9501976238356696, 0.9602562752034929, 0.9507195105155309, 0.9563404321670532, 0.9408165978060828, 0.9400316990084119, 0.9485822154415978, 0.9439664499627219, 0.961426736580001, 0.9450249092446433, 0.9427033745580249, 0.9415765371587541, 0.9500924315717485, 0.9501675731605954, 0.9382571081320444, 0.9301606052451663, 0.9445440040694343, 0.9286659310261408, 0.9478260974089304, 0.9514811883370081, 0.9507994304100672, 0.9457010096973844, 0.9297005219591988, 0.9358571983046002, 0.9419130997525321, 0.9533161471287409, 0.9439546267191569, 0.932371598150995], "epoch_train_acc": [0.3990498812351544, 0.332541567695962, 0.37292161520190026, 0.3978622327790974, 0.4524940617577197, 0.5486935866983373, 0.5368171021377672, 0.5866983372921615, 0.6068883610451307, 0.6603325415676959, 0.684085510688836, 0.6971496437054632, 0.7007125890736342, 0.7470308788598575, 0.7517814726840855, 0.7494061757719715, 0.8171021377672208, 0.8040380047505938, 0.8396674584323041, 0.8479809976247031, 0.8610451306413301, 0.8491686460807601, 0.8717339667458432, 0.8776722090261283, 0.8681710213776722, 0.8847980997624703, 0.8919239904988123, 0.9085510688836105, 0.8681710213776722, 0.8954869358669834, 0.8752969121140143, 0.8978622327790974, 0.9109263657957245, 0.9263657957244655, 0.9014251781472684, 0.9204275534441805, 0.9239904988123515, 0.9406175771971497, 0.9251781472684085, 0.9239904988123515, 0.9192399049881235, 0.9441805225653207, 0.9192399049881235, 0.9382422802850356, 0.9287410926365796, 0.9441805225653207, 0.9382422802850356, 0.9548693586698337, 0.9441805225653207, 0.9382422802850356, 0.9477434679334917, 0.9631828978622328, 0.9489311163895487, 0.9524940617577197, 0.9596199524940617, 0.9643705463182898, 0.9441805225653207, 0.9311163895486936, 0.9453681710213777, 0.9608076009501187, 0.9429928741092637, 0.9382422802850356, 0.9275534441805225, 0.9524940617577197, 0.9584323040380047, 0.9406175771971497, 0.9489311163895487, 0.9513064133016627, 0.9631828978622328, 0.9501187648456056, 0.9453681710213777, 0.9370546318289786, 0.9584323040380047, 0.9465558194774347, 0.9560570071258907, 0.9501187648456056, 0.9667458432304038, 0.9679334916864608, 0.9536817102137767, 0.9608076009501187, 0.9596199524940617, 0.9643705463182898, 0.9631828978622328, 0.9643705463182898, 0.9631828978622328, 0.9548693586698337, 0.9667458432304038, 0.9786223277909739, 0.9596199524940617, 0.9750593824228029, 0.9560570071258907, 0.9548693586698337, 0.9536817102137767, 0.9584323040380047, 0.9750593824228029, 0.9726840855106889, 0.9619952494061758, 0.9524940617577197, 0.9608076009501187, 0.9738717339667459],