{"epoch_recon_loss": [0.0, 119120.10937706313, 0.0, 0.8012080434709787, 0.0, 0.576160514134575, 0.0, 0.7245489847423001, 0.0, 0.4359436688775366, 0.0, 0.310964252630418, 0.0, 0.25559081171046605, 0.0, 0.2566556521606716, 0.0, 0.20634343365037983, 0.0, 0.20563292791220275, 0.0, 0.20127606154842811, 0.0, 0.19639915549619633, 0.0, 0.18042409944940696, 0.0, 0.17994517511264843, 0.0, 0.17931030402806672, 0.0, 0.17975302142175761, 0.0, 0.16966776346618478, 0.0, 0.17201884827491912, 0.0, 0.16847727100618862, 0.0, 0.16177479181946677, 0.0, 0.16796686093915592, 0.0, 0.16079286223446781, 0.0, 0.1621446841481057, 0.0, 0.15979839048602365, 0.0, 0.1558175670321692, 0.0, 0.1551120663908395, 0.0, 0.15371263581751424, 0.0, 0.15235106579282068, 0.0, 0.15509702684357762, 0.0, 0.15310811590064655, 0.0, 0.14892866229638457, 0.0, 0.14790107601914892, 0.0, 0.14548791746016254, 0.0, 0.14671644902872769, 0.0, 0.1470753883265636, 0.0, 0.14321153327314692, 0.0, 0.14177480987696486, 0.0, 0.14238588630475782, 0.0, 0.1471699494868517, 0.0, 0.14165653859857807, 0.0, 0.1423327008431608, 0.0, 0.15043180215765128, 0.0, 0.14203272061422467, 0.0, 0.13966520020568912, 0.0, 0.14083373910662803, 0.0, 0.1433840472759171, 0.0, 0.1438881679099392, 0.0, 0.13971190544014628, 0.0, 0.14006630005314946, 0.0, 0.13593651591376824], "epoch_latent_loss": [0.0, 894998.828467556, 0.0, 0.9563505383293059, 0.0, 0.6981311030050908, 0.0, 0.6868327673476994, 0.0, 0.25599519318414177, 0.0, 0.11879581982396882, 0.0, 0.0802409185668115, 0.0, 0.07736699536061761, 0.0, 0.05171916757667945, 0.0, 0.04912843273698606, 0.0, 0.039749073584310034, 0.0, 0.03710509587968276, 0.0, 0.03190463800406591, 0.0, 0.03100884207312695, 0.0, 0.029415156681683253, 0.0, 0.03036642852450975, 0.0, 0.027587321470491588, 0.0, 0.027918794795616785, 0.0, 0.026393049565905876, 0.0, 0.02193719201022759, 0.0, 0.024342977336015214, 0.0, 0.024613537317649883, 0.0, 0.022954922010698778, 0.0, 0.02281682319748639, 0.0, 0.0219325624268756, 0.0, 0.020115056932395833, 0.0, 0.021973801956681364, 0.0, 0.021373944288246672, 0.0, 0.02066006246869537, 0.0, 0.020691233829976143, 0.0, 0.020684933665589513, 0.0, 0.018953387868929316, 0.0, 0.020261115923693233, 0.0, 0.022198187340770593, 0.0, 0.020450996536634524, 0.0, 0.018818687271877108, 0.0, 0.020225735868073323, 0.0, 0.0189933780930005, 0.0, 0.018863960603167387, 0.0, 0.02049961117286743, 0.0, 0.018319468818266283, 0.0, 0.01902837010460313, 0.0, 0.01963154870529913, 0.0, 0.018835664255840875, 0.0, 0.017491217824334108, 0.0, 0.017877158243209124, 0.0, 0.01717441372933205, 0.0, 0.018600112933199853, 0.0, 0.018852803755593908, 0.0, 0.018787320803808558], "epoch_cls_loss": [1.5748175382614136, 1.6400678191672673, 1.4310434006831863, 1.460228372703899, 1.369439122351733, 1.379948104647073, 1.2688568193804135, 1.2860775183547626, 1.1615321683612736, 1.1738382544029842, 1.1190684525804087, 1.1028007983484052, 1.0691561949524013, 1.0489187034016305, 1.0486780611628836, 1.0250086892734875, 1.036439147862521, 1.0068494999273256, 1.0126543068750338, 0.9932717125524174, 0.9943597591058775, 0.9856059971180829, 0.9955203319815072, 0.9856004863977432, 0.9753954441032626, 0.9706382419575345, 0.9828036640855399, 0.9625333354554393, 0.9737223901531913, 0.974753970449621, 0.9705375697125088, 0.9670545160770416, 0.9762209782546217, 0.9653651284223254, 0.9671603041616353, 0.9625076451762156, 0.9635872085663405, 0.9622423692860387, 0.9635016396641731, 0.9589311141859401, 0.961418254808946, 0.958712328564037, 0.9606467969715595, 0.9503045525740493, 0.9500932764600624, 0.952176795764403, 0.953702896494757, 0.959633222696456, 0.9552554047920487, 0.9437291686507788, 0.9501421732658689, 0.9522528059103272, 0.9573566138067029, 0.9517518722198226, 0.9608053117990494, 0.9479881220243194, 0.9547494985163212, 0.9534947702830489, 0.9473497996276076, 0.9463064558804035, 0.9478792842816223, 0.9445697448470376, 0.9506062905896794, 0.9452395032752644, 0.9482404173097827, 0.9428580464287237, 0.954989626665007, 0.9439985156059265, 0.9572237787598913, 0.9385288842022419, 0.9379762942818078, 0.940037421204827, 0.9455209848555651, 0.9415768252854998, 0.9483468684960495, 0.9372419911352071, 0.9409039162776687, 0.9434338916431774, 0.9537988047708165, 0.9433437094769694, 0.950089959258383, 0.9422524971040812, 0.9464284066449512, 0.9428737105971033, 0.9449734647165645, 0.9459820294922049, 0.939250114289197, 0.9415497088974173, 0.940992421047254, 0.9338376359506086, 0.9370984814383767, 0.9418600303205577, 0.9444674250077117, 0.9379048747095194, 0.9468787268481471, 0.9366882409561764, 0.9439431523734872, 0.939466976645318, 0.9448965804820711, 0.9350539347664877], "epoch_train_acc": [0.30831162680558843, 0.2526639829505091, 0.4754913568553161, 0.43428842055410843, 0.5204830689083589, 0.5313757991948852, 0.6291735732891309, 0.6490646459862657, 0.7390480700923514, 0.7537295761307128, 0.7835661851764149, 0.8096140184702818, 0.8351882547951693, 0.8609992896045465, 0.8576841108216907, 0.8844423395690267, 0.8673928486857684, 0.9014918304522851, 0.8927302865261663, 0.912621359223301, 0.9107269713473833, 0.9185413213355434, 0.9095429789249349, 0.9199621122424817, 0.929907648591049, 0.934643618280843, 0.9216197016339095, 0.941747572815534, 0.9313284394979872, 0.9296708501065594, 0.9341700213118636, 0.9389059910016576, 0.9273028652616623, 0.9386691925171678, 0.93701160312574, 0.9424579682690031, 0.9415107743310442, 0.9424579682690031, 0.9415107743310442, 0.9457731470518589, 0.9429315652379825, 0.9452995500828795, 0.9438787591759413, 0.9552450864314468, 0.953587497040019, 0.9519299076485911, 0.9507459152261426, 0.9467203409898176, 0.9483779303812455, 0.9616386455126688, 0.9554818849159366, 0.9521667061330807, 0.9467203409898176, 0.9542978924934881, 0.9434051622069619, 0.9571394743073645, 0.9497987212881838, 0.9500355197726734, 0.9573762727918541, 0.9597442576367511, 0.9561922803694056, 0.961401847028179, 0.9533506985555292, 0.9595074591522614, 0.955955481884916, 0.9628226379351172, 0.9497987212881838, 0.961401847028179, 0.9486147288657353, 0.9663746152024627, 0.9668482121714421, 0.9651906227800142, 0.9597442576367511, 0.9642434288420554, 0.955955481884916, 0.9668482121714421, 0.9644802273265451, 0.9611650485436893, 0.9505091167416528, 0.961401847028179, 0.9545346909779777, 0.9623490409661378, 0.9578498697608335, 0.9616386455126688, 0.9592706606677718, 0.958323466729813, 0.9659010182334833, 0.963769831873076, 0.9630594364196069, 0.9704001894387876, 0.96850580156287, 0.9618754439971584, 0.9599810561212408, 0.9673218091404215, 0.9578498697608335, 0.9675586076249112, 0.9606914515747099, 0.9651906227800142, 0.959033862183282, 0.9704001894387876],