{"epoch_recon_loss": [0.0, 1423.6637658117847, 0.0, 0.42389867979694495, 0.0, 0.3222257247702642, 0.0, 0.3613483685661446, 0.0, 0.24946966420181774, 0.0, 0.20957847904752602, 0.0, 0.20765729985115203, 0.0, 0.19605832911011847, 0.0, 0.1889653154225512, 0.0, 0.1893550017848611, 0.0, 0.1784708345816894, 0.0, 0.1721420239826495, 0.0, 0.16951757737181403, 0.0, 0.17533254500647838, 0.0, 0.16548456683416257, 0.0, 0.16325080276212908, 0.0, 0.16185909831388431, 0.0, 0.1585506387901577, 0.0, 0.16003378730436618, 0.0, 0.15876018912108106, 0.0, 0.1600008343600414, 0.0, 0.15935721383853393, 0.0, 0.1528451159088449, 0.0, 0.15393445700068364, 0.0, 0.1506212456151843, 0.0, 0.15359990133649923, 0.0, 0.1472069640559229, 0.0, 0.1511399062689055, 0.0, 0.14828942428258332, 0.0, 0.14451265716078607, 0.0, 0.1467331599190154, 0.0, 0.14871772023087199, 0.0, 0.14486449415033514, 0.0, 0.14717841245742005, 0.0, 0.14013846777379513, 0.0, 0.14057959455319427, 0.0, 0.14109962522475558, 0.0, 0.13947350485250354, 0.0, 0.1368501785803925, 0.0, 0.13635465181009335, 0.0, 0.13872129376977682, 0.0, 0.13835757712579586, 0.0, 0.13453020121563564, 0.0, 0.13527975002811712, 0.0, 0.13646868057549, 0.0, 0.13516154229132968, 0.0, 0.13140190426598897, 0.0, 0.13850633753463626, 0.0, 0.13460096759213644, 0.0, 0.1367687200280753], "epoch_latent_loss": [0.0, 33034.70122941961, 0.0, 0.18416050073309717, 0.0, 0.15626369770192963, 0.0, 0.14298803488914433, 0.0, 0.06759912160817873, 0.0, 0.04570509840480306, 0.0, 0.04517886191818186, 0.0, 0.03777046430728991, 0.0, 0.03394511530429802, 0.0, 0.03455556477208368, 0.0, 0.03219932726245712, 0.0, 0.028383145309900017, 0.0, 0.026987832103093915, 0.0, 0.02519933676177805, 0.0, 0.021389813262926924, 0.0, 0.02333274061410603, 0.0, 0.02343015890272165, 0.0, 0.02457440439188345, 0.0, 0.024421854262155564, 0.0, 0.02348716250112788, 0.0, 0.02338829228061844, 0.0, 0.023900984818200497, 0.0, 0.022111755425364456, 0.0, 0.021638507071078162, 0.0, 0.021792510132813317, 0.0, 0.020698037681127476, 0.0, 0.02160828720397231, 0.0, 0.022435161883053792, 0.0, 0.020133421232458204, 0.0, 0.019101499130060387, 0.0, 0.01819535264406692, 0.0, 0.019650424423161894, 0.0, 0.02195841932817447, 0.0, 0.02028020379260521, 0.0, 0.018933873030949722, 0.0, 0.02238072227390314, 0.0, 0.019312888457947833, 0.0, 0.018382160548671065, 0.0, 0.017815073777455837, 0.0, 0.01903798299397088, 0.0, 0.018848115054424852, 0.0, 0.02011640309567817, 0.0, 0.018803882036908446, 0.0, 0.019109207861633462, 0.0, 0.018367667047476225, 0.0, 0.018863773391455074, 0.0, 0.017691224554172633, 0.0, 0.01733833912294358, 0.0, 0.017363064726602963, 0.0, 0.019689767938953908], "epoch_cls_loss": [1.530091751028191, 1.5736173953522334, 1.3528921089389108, 1.2954761643301358, 1.1669211428273807, 1.1209774278104305, 1.0980074981396848, 1.0785859277979895, 1.04478470236063, 1.011395925147967, 1.0121120072223924, 0.9944613027301702, 0.9949517761441794, 0.9832870973782106, 0.9869646220044657, 0.9741729213432833, 0.980991084467281, 0.9760736606337808, 0.9716098565946926, 0.9711974215778437, 0.9697810682383451, 0.9593558463860642, 0.9694971306757494, 0.9613286344842478, 0.9749247831377116, 0.9638578268614683, 0.9685913900082762, 0.9491115405478261, 0.9644496379928156, 0.9542329673739997, 0.9629273397678678, 0.9588201306760311, 0.9564753235741095, 0.948296760970896, 0.9568412805145438, 0.9552171382714402, 0.953188937834718, 0.9574000960723921, 0.9507561847567558, 0.9490593008019708, 0.952967453409325, 0.9532806893641298, 0.95004572651603, 0.9504853094165976, 0.952795357528058, 0.9549230672419071, 0.9494033960456197, 0.9457195059142329, 0.9483549886129119, 0.9437448108060793, 0.9434295591305603, 0.9447291009128094, 0.9420715157281269, 0.9382569911805066, 0.9489585926586931, 0.9427404098890044, 0.9450781331820921, 0.9427288496358828, 0.9408083896745335, 0.9422955231910403, 0.9500119073147123, 0.9454308084466241, 0.9412081902000037, 0.946777671914209, 0.9421561682088808, 0.9421510012312369, 0.9438417672433637, 0.9414364566857164, 0.9425041468983347, 0.9355771097947251, 0.9470094151117585, 0.9314820251681588, 0.9424795332280073, 0.9376948154108091, 0.939113796773282, 0.9349811395460909, 0.9399166049605067, 0.9336878366091035, 0.9518852674148299, 0.9364380741661246, 0.94171818819913, 0.9343454190953211, 0.9397241947325793, 0.9423518831079657, 0.9404335641725496, 0.9384924959052693, 0.9324089938944037, 0.9374941018494692, 0.936454164372249, 0.9368572204627774, 0.9379319281063296, 0.9412395500323989, 0.9428217248483137, 0.9330977750095454, 0.9377331320535053, 0.9347604736685753, 0.9374481551349163, 0.9360921481116251, 0.935866248539903, 0.9373366355218671], "epoch_feature_loss": [0.003548920348459267, 0.0015482890695866754, 0.000314493106171457, 0.001045134308304279, 0.0006698797387178439, 0.0005936777630598623, 0.0008186013023574064, 0.0007619352048674376, 0.0005552444708676128, 0.0004797793220322174, 0.0004633479098133235, 0.0006146190387426032, 0.0002798806546128286, 0.00042656416322146964, 0.00040602079194617215, 0.00045938842167329727, 0.00045501979161599593, 0.0004104963463553511, 0.00034281818216186366, 0.0004925428697788448, 0.0003674631953923712, 0.0004397144091192538, 0.0003446531094265414, 0.000455642768553265, 0.0003583096208785719, 0.0004424727270072088, 0.0002666568308417151, 0.00038589845108948464, 0.00046348803603409164, 0.0003563843914559005, 0.00024098082630271992, 0.0002667062696714724, 0.00024032113160191412, 0.0003227166675556377, 0.00022537677907828103, 0.0003386788896271107, 0.0002548057253451671, 0.0003143973478100551, 0.0003117807825364335, 0.0004134209445551691, 0.00018613136631467404, 0.00043685022087009367, 0.0002571307008193716, 0.0003685080389872879, 0.0002962850157824836, 0.00039250885422668284, 0.00023306407400592764, 0.0003681978551784678, 0.0002349974858630462, 0.0003911923573179427, 0.0002114770369416874, 0.00035910837806857836, 0.0002913813824637724, 0.0003017431368913425, 0.00025280881793192253, 0.0003758148418972434, 0.0002095348047015994, 0.0003243764606808823, 0.00020036299962488226, 0.0003040449576432862, 0.00022567561289964613, 0.00027477534039958715, 0.00026042859070168396, 0.00029540729633481533, 0.00022519057356682671, 0.0003181016596830556, 0.00031821001911422087, 0.00030480795986808187, 0.00022086600543761134, 0.0002571935088388438, 0.00021167432655808872, 0.0002592998758617878, 0.00018146257259972614, 0.00023654748239013398, 0.0002361204514665422, 0.00026473351402439056, 0.00027147007289262217, 0.0002801898545034088, 0.00023802504957033804, 0.0003425418974736451, 0.0002588330434450241, 0.00038957162310411644, 0.00021058356359886105, 0.00022517832994915145, 0.00018022462281599226, 0.00022973483962893872, 0.0001892706104110237, 0.0002530896552095576, 0.00017586596201950172, 0.00023730358063031335, 0.0002168646160705314, 0.00024401379358674933, 0.00027778944486685344, 0.0003059991312180831, 0.00023867433271169085, 0.0002528817854619609, 0.00027851211735775325, 0.0002801789199689996, 0.00032166883811028543, 0.00035596702540177915],