{"epoch_recon_loss": [0.0, 49637.90479379308, 0.0, 0.9023939179764553, 0.0, 632446.9829718131, 0.0, 0.5730919075113806, 0.0, 36327.12921782245, 0.0, 0.5710331202400002, 0.0, 22.851783057082105, 0.0, 0.3517197580076754, 0.0, 0.35110905461690645, 0.0, 0.24907195309854366, 0.0, 0.22584809765050357, 0.0, 0.20680191888558594, 0.0, 0.19186404127288947, 0.0, 0.18321059068495577, 0.0, 0.17336016876453703, 0.0, 0.17422152192077853, 0.0, 0.1656577169937505, 0.0, 0.16154873415573753, 0.0, 0.15768390229310503, 0.0, 0.15668930595910008, 0.0, 0.15272526781667362, 0.0, 0.14690383900464934, 0.0, 0.14701789602721957, 0.0, 0.14690452282824976, 0.0, 0.14251254668289964, 0.0, 0.14708425557579508, 0.0, 0.1402661283923821, 0.0, 0.14026059551079842, 0.0, 0.13658214726654644, 0.0, 0.1344961894210428, 0.0, 0.13639719617045062, 0.0, 0.13239697441035372, 0.0, 0.131638879803094, 0.0, 0.13256210975602947, 0.0, 0.12995932130566376, 0.0, 0.12921862124296074, 0.0, 0.13209407105618579, 0.0, 0.12753905876624314, 0.0, 0.1260943057608198, 0.0, 0.12480735596777363, 0.0, 0.12360545309175822, 0.0, 0.12483019369061697, 0.0, 0.12169097738594493, 0.0, 0.12423237173987384, 0.0, 0.12185088796964423, 0.0, 0.12103985774923455, 0.0, 0.11926225481808862, 0.0, 0.1218429565302689, 0.0, 0.11820181012576954, 0.0, 0.11863230192102492], "epoch_latent_loss": [0.0, 194142.46549117228, 0.0, 1.4975863814099946, 0.0, 51199988.02753229, 0.0, 10.4431193072497, 0.0, 46194992.500776984, 0.0, 8.995060553107495, 0.0, 902.8798632293474, 0.0, 0.11630035217174074, 0.0, 0.11440064351667058, 0.0, 0.06392723680685529, 0.0, 0.05773458576930517, 0.0, 0.04703639540292153, 0.0, 0.043043483318549326, 0.0, 0.04031184688739648, 0.0, 0.03663969775450162, 0.0, 0.03523952938319946, 0.0, 0.03134257082869722, 0.0, 0.030133728779302062, 0.0, 0.028892670773943377, 0.0, 0.029255239832723004, 0.0, 0.028006603846072474, 0.0, 0.02608962105692957, 0.0, 0.027009330573491752, 0.0, 0.024851964675525032, 0.0, 0.023969197264787825, 0.0, 0.02529267786303535, 0.0, 0.025486761476548218, 0.0, 0.0229797001123767, 0.0, 0.02374213783133944, 0.0, 0.023678669959984043, 0.0, 0.025668239093978296, 0.0, 0.02249969004399397, 0.0, 0.02329634941204197, 0.0, 0.024732112519400704, 0.0, 0.02300095947099511, 0.0, 0.023115715705154635, 0.0, 0.022566344319123098, 0.0, 0.022085277548864145, 0.0, 0.022407498967368156, 0.0, 0.02204218589891256, 0.0, 0.02219095084795051, 0.0, 0.021852440766947853, 0.0, 0.021065575528403067, 0.0, 0.021616385781354355, 0.0, 0.0222564915523187, 0.0, 0.02165705995867029, 0.0, 0.019927521056326277, 0.0, 0.020784766513811934, 0.0, 0.021049551710761574, 0.0, 0.021988160111835565], "epoch_cls_loss": [1.6001178388568489, 1.377327554266561, 1.1927745936607772, 1.3580610294910995, 1.5039541375907985, 1.5422262295403264, 1.3111831786280328, 1.3186902390284971, 1.545733092352748, 1.648027345876802, 1.6724275519902057, 1.271717307581143, 1.3148734843866392, 1.2157857770269567, 1.1612688419832424, 1.1135662526569583, 1.065033948387612, 1.0364186022091995, 1.033383583649993, 1.01382636803795, 1.008747117763216, 0.9872077666223049, 1.002733125436035, 0.985093221407045, 0.9961994645947759, 0.9785300344228745, 0.9849183754148808, 0.9712681391022422, 0.9736961288885637, 0.9691373814236034, 0.970915636555715, 0.9672223510728641, 0.9682935203679583, 0.9576709854670546, 0.9648739351806316, 0.9580785068259998, 0.9567398103800687, 0.9582512216134504, 0.9603801063177261, 0.9578552345999263, 0.965075520798564, 0.9471792439845476, 0.9518237462775274, 0.9474355058575218, 0.955704761330377, 0.9490638678385452, 0.9530076030641794, 0.9495692928744988, 0.9503387566655874, 0.9478355436162516, 0.9519512868401679, 0.9444791307164864, 0.945280343463475, 0.9449870630421422, 0.9419206936251033, 0.940066594291817, 0.9450420933690938, 0.9390860370952975, 0.9485676681453531, 0.945727956735275, 0.9462828573516824, 0.9402365459298546, 0.9411902746016328, 0.9407803036949851, 0.9465467804534868, 0.9379443289204077, 0.9510883087800308, 0.9381255024874752, 0.9389114335856654, 0.9372323595664718, 0.9426388510248878, 0.9347865366461602, 0.9394018839706074, 0.9365429146723314, 0.9420988834039732, 0.9338083666833964, 0.9381344084712592, 0.9315764462067322, 0.9357374867593701, 0.9350261259824038, 0.9382455836642872, 0.9346989283168857, 0.9398182572966273, 0.9298612001267347, 0.9338016421957449, 0.932182158597491, 0.9363999051803892, 0.9340457833287391, 0.9462319775061174, 0.9324698119678281, 0.9332110878418792, 0.9313456587154757, 0.9346286458047953, 0.9328371247445996, 0.9357259127904068, 0.9276945381001993, 0.9396953350779685, 0.9298381945964965, 0.9374827337874607, 0.9321714956313372], "epoch_train_acc": [0.28767609802296673, 0.5429146442523973, 0.7067597963774122, 0.5340357523381082, 0.40061560317272404, 0.3569314549544217, 0.5909790458150823, 0.5778382857819344, 0.3581153072096602, 0.25464662010181127, 0.23215342725227892, 0.6282703918550965, 0.5879010299514621, 0.684029833076832, 0.7407363561027583, 0.7928258553332544, 0.839588019415177, 0.8709601041789985, 0.8708417189534746, 0.8926246004498638, 0.8964129276666272, 0.919379661418255, 0.9010299514620576, 0.920208357996922, 0.9070675979637741, 0.9269563158517817, 0.9198532023203504, 0.9335858884811176, 0.9305078726174973, 0.9357168225405469, 0.9328755771279744, 0.9374926009234048, 0.9369006747957855, 0.947081804190837, 0.9393867645317864, 0.9464898780632177, 0.9474369598674085, 0.9469634189653131, 0.9441221735527406, 0.9463714928376938, 0.9390316088552149, 0.956789392683793, 0.9522907541138866, 0.9573813188114123, 0.9492127382502664, 0.9554871552030306, 0.9515804427607435, 0.955250384751983, 0.9539481472712206, 0.9561974665561738, 0.9525275245649343, 0.959275482419794, 0.960104178998461, 0.9596306380963656, 0.9629454244110335, 0.9648395880194152, 0.9597490233218894, 0.9662602107257015, 0.9554871552030306, 0.9588019415176986, 0.9580916301645555, 0.964957973244939, 0.9627086539599858, 0.9634189653131289, 0.9573813188114123, 0.9670889073043684, 0.952764295015982, 0.9667337516277968, 0.9655498993725583, 0.9672072925298922, 0.9619983426068427, 0.9698117674914171, 0.964957973244939, 0.9680359891085593, 0.9617615721557949, 0.9713507754232272, 0.9663785959512253, 0.9736000947081804, 0.96898307091275, 0.9694566118148455, 0.9655498993725583, 0.9696933822658932, 0.9646028175683675, 0.9750207174144667, 0.9702853083935125, 0.9727713981295134, 0.9683911447851308, 0.9708772345211317, 0.9589203267432225, 0.9725346276784658, 0.9719427015508465, 0.9730081685805612, 0.9696933822658932, 0.971469160648751, 0.9683911447851308, 0.9772700366994199, 0.9654315141470344, 0.9750207174144667, 0.9672072925298922, 0.9727713981295134],