{"epoch_recon_loss": [0.0, 1.4069121927022934, 0.0, 0.4253903031349182, 0.0, 0.3275115191936493, 0.0, 0.38094986975193024, 0.0, 0.3128136768937111, 0.0, 0.4437717869877815, 0.0, 0.42898648977279663, 0.0, 0.36373136192560196, 0.0, 0.33836742490530014, 0.0, 0.4441998302936554, 0.0, 0.37415212392807007, 0.0, 0.44427452981472015, 0.0, 0.4878394901752472, 0.0, 0.36950160562992096, 0.0, 0.36561278998851776, 0.0, 0.3435942977666855, 0.0, 0.3352574482560158, 0.0, 0.2966407239437103, 0.0, 0.29231084138154984, 0.0, 0.376150943338871, 0.0, 0.38258196413517, 0.0, 0.30828946083784103, 0.0, 0.3234776258468628, 0.0, 0.30470261722803116, 0.0, 0.342084176838398, 0.0, 0.34546922892332077, 0.0, 0.41516947001218796, 0.0, 0.47145137190818787, 0.0, 0.38435248285532, 0.0, 0.38463449478149414, 0.0, 0.42082027345895767, 0.0, 0.4494253545999527, 0.0, 0.3957466036081314, 0.0, 0.3830290287733078, 0.0, 0.3591506779193878, 0.0, 0.4391098991036415, 0.0, 0.42661160230636597, 0.0, 0.36597931385040283, 0.0, 0.35144297033548355, 0.0, 0.4203346371650696, 0.0, 0.4182243198156357, 0.0, 0.4057115167379379, 0.0, 0.43116360157728195, 0.0, 0.3785768747329712, 0.0, 0.30094432085752487, 0.0, 0.37516943365335464, 0.0, 0.4008256867527962, 0.0, 0.3746192529797554, 0.0, 0.29305797070264816, 0.0, 0.3572419509291649], "epoch_latent_loss": [0.0, 0.5565007030963898, 0.0, 0.009614882059395313, 0.0, 0.035568857565522194, 0.0, 0.12219018302857876, 0.0, 0.15307361632585526, 0.0, 1.40994793176651, 0.0, 0.03386065922677517, 0.0, 0.1407375317066908, 0.0, 0.26711608096957207, 0.0, 0.34781383723020554, 0.0, 0.3182358741760254, 0.0, 2.347717083990574, 0.0, 0.057956104166805744, 0.0, 0.048551589250564575, 0.0, 0.19391388073563576, 0.0, 0.11015797778964043, 0.0, 0.2091963067650795, 0.0, 0.49147962778806686, 0.0, 0.5418540835380554, 0.0, 1.0034490823745728, 0.0, 0.21583068743348122, 0.0, 0.2671252451837063, 0.0, 0.37880755215883255, 0.0, 0.149801192805171, 0.0, 0.8361073881387711, 0.0, 0.7454598769545555, 0.0, 0.6242522299289703, 0.0, 0.4030791223049164, 0.0, 0.2928570806980133, 0.0, 1.092629313468933, 0.0, 0.2865990288555622, 0.0, 0.5622810795903206, 0.0, 0.31435731053352356, 0.0, 0.4406675100326538, 0.0, 0.32758569717407227, 0.0, 0.8688203990459442, 0.0, 0.14568307623267174, 0.0, 0.18027889356017113, 0.0, 0.15606240183115005, 0.0, 0.802068442106247, 0.0, 0.3545345589518547, 0.0, 0.6024424955248833, 0.0, 0.1884809397161007, 0.0, 0.20274147763848305, 0.0, 0.27385367453098297, 0.0, 1.364791139960289, 0.0, 0.1211492083966732, 0.0, 0.12431936711072922, 0.0, 0.190505750477314, 0.0, 0.5666441470384598], "epoch_cls_loss": [1.604047417640686, 1.6018617153167725, 1.6044144332408905, 1.6025945246219635, 1.59775510430336, 1.6078602373600006, 1.5832297801971436, 1.5925379991531372, 1.5965957939624786, 1.5964511632919312, 1.6219382882118225, 1.5970592200756073, 1.5800768435001373, 1.572509765625, 1.5682405233383179, 1.5941970944404602, 1.5567772686481476, 1.5323787927627563, 1.4876593947410583, 1.5435363352298737, 1.486130952835083, 1.4582589268684387, 1.4552997648715973, 1.5427228510379791, 1.4813470840454102, 1.4372904300689697, 1.4924958944320679, 1.481955111026764, 1.3977186679840088, 1.443961352109909, 1.3967964947223663, 1.3006703555583954, 1.287697285413742, 1.3034766018390656, 1.218856692314148, 1.2039559185504913, 1.2286508679389954, 1.1486831605434418, 1.2232977747917175, 1.1834286749362946, 1.1697109043598175, 1.1693913638591766, 1.1293445825576782, 1.0762883126735687, 1.1284123361110687, 1.153867483139038, 1.1041779518127441, 1.0801010429859161, 1.0748092234134674, 1.0807254612445831, 1.0776700377464294, 1.0497821271419525, 1.0681877434253693, 1.1016801297664642, 1.106561303138733, 1.0714101195335388, 1.0044106990098953, 1.0273075699806213, 0.9982791244983673, 1.002345159649849, 1.0320378541946411, 1.0158791244029999, 0.9999809861183167, 1.047111228108406, 0.999499186873436, 0.9896273910999298, 0.9692624807357788, 0.9809210449457169, 0.9571514427661896, 1.011512890458107, 0.970561146736145, 0.9528159350156784, 0.9924261420965195, 1.0114349871873856, 0.99037204682827, 0.9805243462324142, 0.9462169408798218, 0.9580583274364471, 0.9501418322324753, 0.9849445223808289, 0.9598571807146072, 0.971008762717247, 0.96656733751297, 0.9953823834657669, 0.9925480335950851, 0.9534863233566284, 0.9915912449359894, 0.9558320194482803, 0.9969195872545242, 0.9699908792972565, 1.0195815116167068, 1.0033573359251022, 1.0164612978696823, 0.9900979399681091, 0.972703367471695, 0.9552058130502701, 0.9987445771694183, 0.9449034780263901, 0.9755585044622421, 0.9278736114501953], "epoch_feature_loss": [0.04325595684349537, 0.09923546575009823, 0.015434850938618183, 0.018786907196044922, 0.041156045626848936, 0.04979042150080204, 0.04714282602071762, 0.06461560353636742, 0.07009345525875688, 0.08290535071864724, 0.04160402389243245, 0.16275658551603556, 0.06524768914096057, 0.0602696193382144, 0.01566029922105372, 0.05018339562229812, 0.033264270052313805, 0.06266040727496147, 0.11546219640877098, 0.060002757236361504, 0.05881856428459287, 0.23572943336330354, 0.0653426421340555, 0.08221486490219831, 0.042044083354994655, 0.04059972648974508, 0.0575883153360337, 0.022304129088297486, 0.020514446892775595, 0.05148616060614586, 0.027616870822384953, 0.02817109297029674, 0.08404239302035421, 0.052602304611355066, 0.07293539773672819, 0.04941986035555601, 0.0840244060382247, 0.0560392402112484, 0.19348002597689629, 0.09495743224397302, 0.037644983269274235, 0.0599894798360765, 0.03641617065295577, 0.02395943133160472, 0.057430954882875085, 0.0636559184640646, 0.0696590724401176, 0.04461931949481368, 0.04059006320312619, 0.1381522612646222, 0.1395191801711917, 0.08727471879683435, 0.11714136973023415, 0.11034249258227646, 0.12467396631836891, 0.05726418970152736, 0.06081614340655506, 0.08852717280387878, 0.05501819308847189, 0.17319272458553314, 0.05803846288472414, 0.0313895377330482, 0.060545788146555424, 0.017194369807839394, 0.04570772033184767, 0.10388251207768917, 0.07514726812951267, 0.039022369077429175, 0.06625331193208694, 0.05256488814484328, 0.026120425551198423, 0.03974255139473826, 0.03898264095187187, 0.013685323880054057, 0.034474152023904026, 0.04087954177521169, 0.027704528998583555, 0.09565642522647977, 0.11113591305911541, 0.09450643043965101, 0.06300008529797196, 0.05269295955076814, 0.05825557722710073, 0.024608341744169593, 0.07407342549413443, 0.0390939530916512, 0.02647078619338572, 0.01450605213176459, 0.03820086922496557, 0.03636051807552576, 0.12054227199405432, 0.23357045254670084, 0.06404676288366318, 0.02713948069140315, 0.007121459231711924, 0.031855008914135396, 0.0682840037625283, 0.0677954547572881, 0.03246569400653243, 0.13249252550303936],